brand,total_imp,total_clicks,total_spend,total_revenue,roas,ctr_perc
Samsung,8529108,152800,35777.06,494599.1400000002,13.82,1.79
Nike,10673391,265971,58783.42,640322.4999999999,10.89,2.49
Coca-Cola,17455445,86938,31415.829999999987,26203.00000000001,0.83,0.50
Airbnb,6504186,259383,20192.04999999999,0,0,3.99
